,region,installed,technology,year,agent,category,sector,capital_costs
0,R1,2020,Heavy trucks - Battery Electric,2020,A1,retrofit,road_truck,0.88556575118
1,R1,2020,Heavy trucks - Conventional diesel,2020,A1,retrofit,road_truck,730.95490943848
2,R1,2020,Heavy trucks - Conventional diesel_High Efficiency,2020,A1,retrofit,road_truck,2787.59199035696
3,R1,2020,Heavy trucks - Conventional diesel_Medium Efficiency,2020,A1,retrofit,road_truck,922.05879075419
4,R1,2020,Heavy trucks - Conventional gasoline,2020,A1,retrofit,road_truck,3.55897325485
5,R1,2020,Heavy trucks - LPG,2020,A1,retrofit,road_truck,1.02623833345
6,R1,2020,Heavy trucks - Natural gas,2020,A1,retrofit,road_truck,74.38513750504
7,R1,2020,Light Trucks - Battery Electric (BEV),2020,A1,retrofit,road_truck,60.79905682366
8,R1,2020,Light Trucks - Conventional Diesel,2020,A1,retrofit,road_truck,11000.61559695967
9,R1,2020,Light Trucks - Conventional Diesel_High Efficiency,2020,A1,retrofit,road_truck,10322.53182808272
10,R1,2020,Light Trucks - Conventional Diesel_Medium Efficiency,2020,A1,retrofit,road_truck,11613.67567006963
11,R1,2020,Light Trucks - Conventional Gasoline,2020,A1,retrofit,road_truck,772.53686455434
12,R1,2020,Light Trucks - Conventional Gasoline_High_Efficiency,2020,A1,retrofit,road_truck,305.56321168586
13,R1,2020,Light Trucks - Conventional Gasoline_Medium Efficiency,2020,A1,retrofit,road_truck,409.22476720016
14,R1,2020,Light Trucks - Gasoline hybrid,2020,A1,retrofit,road_truck,15.30869565406
15,R1,2020,Light Trucks - LPG,2020,A1,retrofit,road_truck,468.18947428063
16,R1,2020,Light Trucks - Natural gas,2020,A1,retrofit,road_truck,792.09340935856
17,R1,2020,Medium trucks - Battery Electric (BEV),2020,A1,retrofit,road_truck,22.05555793385
18,R1,2020,Medium trucks - Conventional Diesel,2020,A1,retrofit,road_truck,3687.49873717004
19,R1,2020,Medium trucks - Conventional Diesel_High Efficency,2020,A1,retrofit,road_truck,3290.70084325545
20,R1,2020,Medium trucks - Conventional Diesel_Medium Efficiency,2020,A1,retrofit,road_truck,3811.67854239977
21,R1,2020,Medium trucks - Conventional Gasoline,2020,A1,retrofit,road_truck,469.88083589198
22,R1,2020,Medium trucks - LPG,2020,A1,retrofit,road_truck,146.87160988725
23,R1,2020,Medium trucks - Natural gas,2020,A1,retrofit,road_truck,260.95429389722
24,R1,2020,Heavy trucks - Battery Electric,2020,A1,retrofit,road_truck,0.88556575118
25,R1,2020,Heavy trucks - Conventional diesel,2020,A1,retrofit,road_truck,730.95490943848
26,R1,2020,Heavy trucks - Conventional diesel_High Efficiency,2020,A1,retrofit,road_truck,2787.59199035696
27,R1,2020,Heavy trucks - Conventional diesel_Medium Efficiency,2020,A1,retrofit,road_truck,922.05879075419
28,R1,2020,Heavy trucks - Conventional gasoline,2020,A1,retrofit,road_truck,3.55897325485
29,R1,2020,Heavy trucks - LPG,2020,A1,retrofit,road_truck,1.02623833345
30,R1,2020,Heavy trucks - Natural gas,2020,A1,retrofit,road_truck,74.38513750504
31,R1,2020,Light Trucks - Battery Electric (BEV),2020,A1,retrofit,road_truck,60.79905682366
32,R1,2020,Light Trucks - Conventional Diesel,2020,A1,retrofit,road_truck,11000.61559695967
33,R1,2020,Light Trucks - Conventional Diesel_High Efficiency,2020,A1,retrofit,road_truck,10322.53182808272
34,R1,2020,Light Trucks - Conventional Diesel_Medium Efficiency,2020,A1,retrofit,road_truck,11613.67567006963
35,R1,2020,Light Trucks - Conventional Gasoline,2020,A1,retrofit,road_truck,772.53686455434
36,R1,2020,Light Trucks - Conventional Gasoline_High_Efficiency,2020,A1,retrofit,road_truck,305.56321168586
37,R1,2020,Light Trucks - Conventional Gasoline_Medium Efficiency,2020,A1,retrofit,road_truck,409.22476720016
38,R1,2020,Light Trucks - Gasoline hybrid,2020,A1,retrofit,road_truck,15.30869565406
39,R1,2020,Light Trucks - LPG,2020,A1,retrofit,road_truck,468.18947428063
40,R1,2020,Light Trucks - Natural gas,2020,A1,retrofit,road_truck,792.09340935856
41,R1,2020,Medium trucks - Battery Electric (BEV),2020,A1,retrofit,road_truck,22.05555793385
42,R1,2020,Medium trucks - Conventional Diesel,2020,A1,retrofit,road_truck,3687.49873717004
43,R1,2020,Medium trucks - Conventional Diesel_High Efficency,2020,A1,retrofit,road_truck,3290.70084325545
44,R1,2020,Medium trucks - Conventional Diesel_Medium Efficiency,2020,A1,retrofit,road_truck,3811.67854239977
45,R1,2020,Medium trucks - Conventional Gasoline,2020,A1,retrofit,road_truck,469.88083589198
46,R1,2020,Medium trucks - LPG,2020,A1,retrofit,road_truck,146.87160988725
47,R1,2020,Medium trucks - Natural gas,2020,A1,retrofit,road_truck,260.95429389722
48,R1,2020,Heavy trucks - Battery Electric,2020,A1,retrofit,road_truck,0.88556575118
49,R1,2020,Heavy trucks - Conventional diesel,2020,A1,retrofit,road_truck,730.95490943848
50,R1,2020,Heavy trucks - Conventional diesel_High Efficiency,2020,A1,retrofit,road_truck,2787.59199035696
51,R1,2020,Heavy trucks - Conventional diesel_Medium Efficiency,2020,A1,retrofit,road_truck,922.05879075419
52,R1,2020,Heavy trucks - Conventional gasoline,2020,A1,retrofit,road_truck,3.55897325485
53,R1,2020,Heavy trucks - LPG,2020,A1,retrofit,road_truck,1.02623833345
54,R1,2020,Heavy trucks - Natural gas,2020,A1,retrofit,road_truck,74.38513750504
55,R1,2020,Light Trucks - Battery Electric (BEV),2020,A1,retrofit,road_truck,60.79905682366
56,R1,2020,Light Trucks - Conventional Diesel,2020,A1,retrofit,road_truck,11000.61559695967
57,R1,2020,Light Trucks - Conventional Diesel_High Efficiency,2020,A1,retrofit,road_truck,10322.53182808272
58,R1,2020,Light Trucks - Conventional Diesel_Medium Efficiency,2020,A1,retrofit,road_truck,11613.67567006963
59,R1,2020,Light Trucks - Conventional Gasoline,2020,A1,retrofit,road_truck,772.53686455434
60,R1,2020,Light Trucks - Conventional Gasoline_High_Efficiency,2020,A1,retrofit,road_truck,305.56321168586
61,R1,2020,Light Trucks - Conventional Gasoline_Medium Efficiency,2020,A1,retrofit,road_truck,409.22476720016
62,R1,2020,Light Trucks - Gasoline hybrid,2020,A1,retrofit,road_truck,15.30869565406
63,R1,2020,Light Trucks - LPG,2020,A1,retrofit,road_truck,468.18947428063
64,R1,2020,Light Trucks - Natural gas,2020,A1,retrofit,road_truck,792.09340935856
65,R1,2020,Medium trucks - Battery Electric (BEV),2020,A1,retrofit,road_truck,22.05555793385
66,R1,2020,Medium trucks - Conventional Diesel,2020,A1,retrofit,road_truck,3687.49873717004
67,R1,2020,Medium trucks - Conventional Diesel_High Efficency,2020,A1,retrofit,road_truck,3290.70084325545
68,R1,2020,Medium trucks - Conventional Diesel_Medium Efficiency,2020,A1,retrofit,road_truck,3811.67854239977
69,R1,2020,Medium trucks - Conventional Gasoline,2020,A1,retrofit,road_truck,469.88083589198
70,R1,2020,Medium trucks - LPG,2020,A1,retrofit,road_truck,146.87160988725
71,R1,2020,Medium trucks - Natural gas,2020,A1,retrofit,road_truck,260.95429389722
72,R1,2020,Heavy trucks - Battery Electric,2020,A1,retrofit,road_truck,0.88556575118
73,R1,2020,Heavy trucks - Conventional diesel,2020,A1,retrofit,road_truck,730.95490943848
74,R1,2020,Heavy trucks - Conventional diesel_High Efficiency,2020,A1,retrofit,road_truck,2787.59199035696
75,R1,2020,Heavy trucks - Conventional diesel_Medium Efficiency,2020,A1,retrofit,road_truck,922.05879075419
76,R1,2020,Heavy trucks - Conventional gasoline,2020,A1,retrofit,road_truck,3.55897325485
77,R1,2020,Heavy trucks - LPG,2020,A1,retrofit,road_truck,1.02623833345
78,R1,2020,Heavy trucks - Natural gas,2020,A1,retrofit,road_truck,74.38513750504
79,R1,2020,Light Trucks - Battery Electric (BEV),2020,A1,retrofit,road_truck,60.79905682366
80,R1,2020,Light Trucks - Conventional Diesel,2020,A1,retrofit,road_truck,11000.61559695967
81,R1,2020,Light Trucks - Conventional Diesel_High Efficiency,2020,A1,retrofit,road_truck,10322.53182808272
82,R1,2020,Light Trucks - Conventional Diesel_Medium Efficiency,2020,A1,retrofit,road_truck,11613.67567006963
83,R1,2020,Light Trucks - Conventional Gasoline,2020,A1,retrofit,road_truck,772.53686455434
84,R1,2020,Light Trucks - Conventional Gasoline_High_Efficiency,2020,A1,retrofit,road_truck,305.56321168586
85,R1,2020,Light Trucks - Conventional Gasoline_Medium Efficiency,2020,A1,retrofit,road_truck,409.22476720016
86,R1,2020,Light Trucks - Gasoline hybrid,2020,A1,retrofit,road_truck,15.30869565406
87,R1,2020,Light Trucks - LPG,2020,A1,retrofit,road_truck,468.18947428063
88,R1,2020,Light Trucks - Natural gas,2020,A1,retrofit,road_truck,792.09340935856
89,R1,2020,Medium trucks - Battery Electric (BEV),2020,A1,retrofit,road_truck,22.05555793385
90,R1,2020,Medium trucks - Conventional Diesel,2020,A1,retrofit,road_truck,3687.49873717004
91,R1,2020,Medium trucks - Conventional Diesel_High Efficency,2020,A1,retrofit,road_truck,3290.70084325545
92,R1,2020,Medium trucks - Conventional Diesel_Medium Efficiency,2020,A1,retrofit,road_truck,3811.67854239977
93,R1,2020,Medium trucks - Conventional Gasoline,2020,A1,retrofit,road_truck,469.88083589198
94,R1,2020,Medium trucks - LPG,2020,A1,retrofit,road_truck,146.87160988725
95,R1,2020,Medium trucks - Natural gas,2020,A1,retrofit,road_truck,260.95429389722
96,R1,2020,Heavy trucks - Battery Electric,2020,A1,retrofit,road_truck,0.88556575118
97,R1,2020,Heavy trucks - Conventional diesel,2020,A1,retrofit,road_truck,730.95490943848
98,R1,2020,Heavy trucks - Conventional diesel_High Efficiency,2020,A1,retrofit,road_truck,2787.59199035696
99,R1,2020,Heavy trucks - Conventional diesel_Medium Efficiency,2020,A1,retrofit,road_truck,922.05879075419
100,R1,2020,Heavy trucks - Conventional gasoline,2020,A1,retrofit,road_truck,3.55897325485
101,R1,2020,Heavy trucks - LPG,2020,A1,retrofit,road_truck,1.02623833345
102,R1,2020,Heavy trucks - Natural gas,2020,A1,retrofit,road_truck,74.38513750504
103,R1,2020,Light Trucks - Battery Electric (BEV),2020,A1,retrofit,road_truck,60.79905682366
104,R1,2020,Light Trucks - Conventional Diesel,2020,A1,retrofit,road_truck,11000.61559695967
105,R1,2020,Light Trucks - Conventional Diesel_High Efficiency,2020,A1,retrofit,road_truck,10322.53182808272
106,R1,2020,Light Trucks - Conventional Diesel_Medium Efficiency,2020,A1,retrofit,road_truck,11613.67567006963
107,R1,2020,Light Trucks - Conventional Gasoline,2020,A1,retrofit,road_truck,772.53686455434
108,R1,2020,Light Trucks - Conventional Gasoline_High_Efficiency,2020,A1,retrofit,road_truck,305.56321168586
109,R1,2020,Light Trucks - Conventional Gasoline_Medium Efficiency,2020,A1,retrofit,road_truck,409.22476720016
110,R1,2020,Light Trucks - Gasoline hybrid,2020,A1,retrofit,road_truck,15.30869565406
111,R1,2020,Light Trucks - LPG,2020,A1,retrofit,road_truck,468.18947428063
112,R1,2020,Light Trucks - Natural gas,2020,A1,retrofit,road_truck,792.09340935856
113,R1,2020,Medium trucks - Battery Electric (BEV),2020,A1,retrofit,road_truck,22.05555793385
114,R1,2020,Medium trucks - Conventional Diesel,2020,A1,retrofit,road_truck,3687.49873717004
115,R1,2020,Medium trucks - Conventional Diesel_High Efficency,2020,A1,retrofit,road_truck,3290.70084325545
116,R1,2020,Medium trucks - Conventional Diesel_Medium Efficiency,2020,A1,retrofit,road_truck,3811.67854239977
117,R1,2020,Medium trucks - Conventional Gasoline,2020,A1,retrofit,road_truck,469.88083589198
118,R1,2020,Medium trucks - LPG,2020,A1,retrofit,road_truck,146.87160988725
119,R1,2020,Medium trucks - Natural gas,2020,A1,retrofit,road_truck,260.95429389722
120,R1,2020,Heavy trucks - Battery Electric,2020,A1,retrofit,road_truck,0.88556575118
121,R1,2020,Heavy trucks - Conventional diesel,2020,A1,retrofit,road_truck,730.95490943848
122,R1,2020,Heavy trucks - Conventional diesel_High Efficiency,2020,A1,retrofit,road_truck,2787.59199035696
123,R1,2020,Heavy trucks - Conventional diesel_Medium Efficiency,2020,A1,retrofit,road_truck,922.05879075419
124,R1,2020,Heavy trucks - Conventional gasoline,2020,A1,retrofit,road_truck,3.55897325485
125,R1,2020,Heavy trucks - LPG,2020,A1,retrofit,road_truck,1.02623833345
126,R1,2020,Heavy trucks - Natural gas,2020,A1,retrofit,road_truck,74.38513750504
127,R1,2020,Light Trucks - Battery Electric (BEV),2020,A1,retrofit,road_truck,60.79905682366
128,R1,2020,Light Trucks - Conventional Diesel,2020,A1,retrofit,road_truck,11000.61559695967
129,R1,2020,Light Trucks - Conventional Diesel_High Efficiency,2020,A1,retrofit,road_truck,10322.53182808272
130,R1,2020,Light Trucks - Conventional Diesel_Medium Efficiency,2020,A1,retrofit,road_truck,11613.67567006963
131,R1,2020,Light Trucks - Conventional Gasoline,2020,A1,retrofit,road_truck,772.53686455434
132,R1,2020,Light Trucks - Conventional Gasoline_High_Efficiency,2020,A1,retrofit,road_truck,305.56321168586
133,R1,2020,Light Trucks - Conventional Gasoline_Medium Efficiency,2020,A1,retrofit,road_truck,409.22476720016
134,R1,2020,Light Trucks - Gasoline hybrid,2020,A1,retrofit,road_truck,15.30869565406
135,R1,2020,Light Trucks - LPG,2020,A1,retrofit,road_truck,468.18947428063
136,R1,2020,Light Trucks - Natural gas,2020,A1,retrofit,road_truck,792.09340935856
137,R1,2020,Medium trucks - Battery Electric (BEV),2020,A1,retrofit,road_truck,22.05555793385
138,R1,2020,Medium trucks - Conventional Diesel,2020,A1,retrofit,road_truck,3687.49873717004
139,R1,2020,Medium trucks - Conventional Diesel_High Efficency,2020,A1,retrofit,road_truck,3290.70084325545
140,R1,2020,Medium trucks - Conventional Diesel_Medium Efficiency,2020,A1,retrofit,road_truck,3811.67854239977
141,R1,2020,Medium trucks - Conventional Gasoline,2020,A1,retrofit,road_truck,469.88083589198
142,R1,2020,Medium trucks - LPG,2020,A1,retrofit,road_truck,146.87160988725
143,R1,2020,Medium trucks - Natural gas,2020,A1,retrofit,road_truck,260.95429389722
144,R1,2020,Heavy trucks - Battery Electric,2025,A1,retrofit,road_truck,0.46386777443
145,R1,2020,Heavy trucks - Conventional diesel_High Efficiency,2025,A1,retrofit,road_truck,6136.81163138480
146,R1,2020,Heavy trucks - Conventional gasoline,2025,A1,retrofit,road_truck,0.29098523467
147,R1,2020,Heavy trucks - LPG,2025,A1,retrofit,road_truck,299.32898579161
148,R1,2020,Heavy trucks - Natural gas,2025,A1,retrofit,road_truck,74.29435011183
149,R1,2020,Light Trucks - Battery Electric (BEV),2025,A1,retrofit,road_truck,45.31166971429
150,R1,2020,Light Trucks - Conventional Diesel_High Efficiency,2025,A1,retrofit,road_truck,35430.21150261635
151,R1,2020,Light Trucks - Conventional Gasoline_High_Efficiency,2025,A1,retrofit,road_truck,282.00074731319
152,R1,2020,Light Trucks - Conventional Gasoline_Medium Efficiency,2025,A1,retrofit,road_truck,0.00000000000
153,R1,2020,Light Trucks - Gasoline hybrid,2025,A1,retrofit,road_truck,15.27015897526
154,R1,2020,Light Trucks - LPG,2025,A1,retrofit,road_truck,224.26067725307
155,R1,2020,Light Trucks - Natural gas,2025,A1,retrofit,road_truck,729.31402511384
156,R1,2020,Medium trucks - Battery Electric (BEV),2025,A1,retrofit,road_truck,15.42908808350
157,R1,2020,Medium trucks - Conventional Diesel_High Efficency,2025,A1,retrofit,road_truck,3018.04144767927
158,R1,2020,Medium trucks - Conventional Gasoline,2025,A1,retrofit,road_truck,92.81344924283
159,R1,2020,Medium trucks - LPG,2025,A1,retrofit,road_truck,66.76371084275
160,R1,2020,Medium trucks - Natural gas,2025,A1,retrofit,road_truck,13388.47851021389
161,R1,2020,Heavy trucks - Battery Electric,2025,A1,retrofit,road_truck,0.46386777443
162,R1,2020,Heavy trucks - Conventional diesel_High Efficiency,2025,A1,retrofit,road_truck,6136.81163138480
163,R1,2020,Heavy trucks - Conventional gasoline,2025,A1,retrofit,road_truck,0.29098523467
164,R1,2020,Heavy trucks - LPG,2025,A1,retrofit,road_truck,299.32898579161
165,R1,2020,Heavy trucks - Natural gas,2025,A1,retrofit,road_truck,74.29435011183
166,R1,2020,Light Trucks - Battery Electric (BEV),2025,A1,retrofit,road_truck,45.31166971429
167,R1,2020,Light Trucks - Conventional Diesel_High Efficiency,2025,A1,retrofit,road_truck,35430.21150261635
168,R1,2020,Light Trucks - Conventional Gasoline_High_Efficiency,2025,A1,retrofit,road_truck,282.00074731319
169,R1,2020,Light Trucks - Conventional Gasoline_Medium Efficiency,2025,A1,retrofit,road_truck,0.00000000000
170,R1,2020,Light Trucks - Gasoline hybrid,2025,A1,retrofit,road_truck,15.27015897526
171,R1,2020,Light Trucks - LPG,2025,A1,retrofit,road_truck,224.26067725307
172,R1,2020,Light Trucks - Natural gas,2025,A1,retrofit,road_truck,729.31402511384
173,R1,2020,Medium trucks - Battery Electric (BEV),2025,A1,retrofit,road_truck,15.42908808350
174,R1,2020,Medium trucks - Conventional Diesel_High Efficency,2025,A1,retrofit,road_truck,3018.04144767927
175,R1,2020,Medium trucks - Conventional Gasoline,2025,A1,retrofit,road_truck,92.81344924283
176,R1,2020,Medium trucks - LPG,2025,A1,retrofit,road_truck,66.76371084275
177,R1,2020,Medium trucks - Natural gas,2025,A1,retrofit,road_truck,13388.47851021389
178,R1,2020,Heavy trucks - Battery Electric,2025,A1,retrofit,road_truck,0.46386777443
179,R1,2020,Heavy trucks - Conventional diesel_High Efficiency,2025,A1,retrofit,road_truck,6136.81163138480
180,R1,2020,Heavy trucks - Conventional gasoline,2025,A1,retrofit,road_truck,0.29098523467
181,R1,2020,Heavy trucks - LPG,2025,A1,retrofit,road_truck,299.32898579161
182,R1,2020,Heavy trucks - Natural gas,2025,A1,retrofit,road_truck,74.29435011183
183,R1,2020,Light Trucks - Battery Electric (BEV),2025,A1,retrofit,road_truck,45.31166971429
184,R1,2020,Light Trucks - Conventional Diesel_High Efficiency,2025,A1,retrofit,road_truck,35430.21150261635
185,R1,2020,Light Trucks - Conventional Gasoline_High_Efficiency,2025,A1,retrofit,road_truck,282.00074731319
186,R1,2020,Light Trucks - Conventional Gasoline_Medium Efficiency,2025,A1,retrofit,road_truck,0.00000000000
187,R1,2020,Light Trucks - Gasoline hybrid,2025,A1,retrofit,road_truck,15.27015897526
188,R1,2020,Light Trucks - LPG,2025,A1,retrofit,road_truck,224.26067725307
189,R1,2020,Light Trucks - Natural gas,2025,A1,retrofit,road_truck,729.31402511384
190,R1,2020,Medium trucks - Battery Electric (BEV),2025,A1,retrofit,road_truck,15.42908808350
191,R1,2020,Medium trucks - Conventional Diesel_High Efficency,2025,A1,retrofit,road_truck,3018.04144767927
192,R1,2020,Medium trucks - Conventional Gasoline,2025,A1,retrofit,road_truck,92.81344924283
193,R1,2020,Medium trucks - LPG,2025,A1,retrofit,road_truck,66.76371084275
194,R1,2020,Medium trucks - Natural gas,2025,A1,retrofit,road_truck,13388.47851021389
195,R1,2020,Heavy trucks - Battery Electric,2025,A1,retrofit,road_truck,0.46386777443
196,R1,2020,Heavy trucks - Conventional diesel_High Efficiency,2025,A1,retrofit,road_truck,6136.81163138480
197,R1,2020,Heavy trucks - Conventional gasoline,2025,A1,retrofit,road_truck,0.29098523467
198,R1,2020,Heavy trucks - LPG,2025,A1,retrofit,road_truck,299.32898579161
199,R1,2020,Heavy trucks - Natural gas,2025,A1,retrofit,road_truck,74.29435011183
200,R1,2020,Light Trucks - Battery Electric (BEV),2025,A1,retrofit,road_truck,45.31166971429
201,R1,2020,Light Trucks - Conventional Diesel_High Efficiency,2025,A1,retrofit,road_truck,35430.21150261635
202,R1,2020,Light Trucks - Conventional Gasoline_High_Efficiency,2025,A1,retrofit,road_truck,282.00074731319
203,R1,2020,Light Trucks - Conventional Gasoline_Medium Efficiency,2025,A1,retrofit,road_truck,0.00000000000
204,R1,2020,Light Trucks - Gasoline hybrid,2025,A1,retrofit,road_truck,15.27015897526
205,R1,2020,Light Trucks - LPG,2025,A1,retrofit,road_truck,224.26067725307
206,R1,2020,Light Trucks - Natural gas,2025,A1,retrofit,road_truck,729.31402511384
207,R1,2020,Medium trucks - Battery Electric (BEV),2025,A1,retrofit,road_truck,15.42908808350
208,R1,2020,Medium trucks - Conventional Diesel_High Efficency,2025,A1,retrofit,road_truck,3018.04144767927
209,R1,2020,Medium trucks - Conventional Gasoline,2025,A1,retrofit,road_truck,92.81344924283
210,R1,2020,Medium trucks - LPG,2025,A1,retrofit,road_truck,66.76371084275
211,R1,2020,Medium trucks - Natural gas,2025,A1,retrofit,road_truck,13388.47851021389
212,R1,2020,Heavy trucks - Battery Electric,2025,A1,retrofit,road_truck,0.46386777443
213,R1,2020,Heavy trucks - Conventional diesel_High Efficiency,2025,A1,retrofit,road_truck,6136.81163138480
214,R1,2020,Heavy trucks - Conventional gasoline,2025,A1,retrofit,road_truck,0.29098523467
215,R1,2020,Heavy trucks - LPG,2025,A1,retrofit,road_truck,299.32898579161
216,R1,2020,Heavy trucks - Natural gas,2025,A1,retrofit,road_truck,74.29435011183
217,R1,2020,Light Trucks - Battery Electric (BEV),2025,A1,retrofit,road_truck,45.31166971429
218,R1,2020,Light Trucks - Conventional Diesel_High Efficiency,2025,A1,retrofit,road_truck,35430.21150261635
219,R1,2020,Light Trucks - Conventional Gasoline_High_Efficiency,2025,A1,retrofit,road_truck,282.00074731319
220,R1,2020,Light Trucks - Conventional Gasoline_Medium Efficiency,2025,A1,retrofit,road_truck,0.00000000000
221,R1,2020,Light Trucks - Gasoline hybrid,2025,A1,retrofit,road_truck,15.27015897526
222,R1,2020,Light Trucks - LPG,2025,A1,retrofit,road_truck,224.26067725307
223,R1,2020,Light Trucks - Natural gas,2025,A1,retrofit,road_truck,729.31402511384
224,R1,2020,Medium trucks - Battery Electric (BEV),2025,A1,retrofit,road_truck,15.42908808350
225,R1,2020,Medium trucks - Conventional Diesel_High Efficency,2025,A1,retrofit,road_truck,3018.04144767927
226,R1,2020,Medium trucks - Conventional Gasoline,2025,A1,retrofit,road_truck,92.81344924283
227,R1,2020,Medium trucks - LPG,2025,A1,retrofit,road_truck,66.76371084275
228,R1,2020,Medium trucks - Natural gas,2025,A1,retrofit,road_truck,13388.47851021389
229,R1,2020,Heavy trucks - Battery Electric,2025,A1,retrofit,road_truck,0.46386777443
230,R1,2020,Heavy trucks - Conventional diesel_High Efficiency,2025,A1,retrofit,road_truck,6136.81163138480
231,R1,2020,Heavy trucks - Conventional gasoline,2025,A1,retrofit,road_truck,0.29098523467
232,R1,2020,Heavy trucks - LPG,2025,A1,retrofit,road_truck,299.32898579161
233,R1,2020,Heavy trucks - Natural gas,2025,A1,retrofit,road_truck,74.29435011183
234,R1,2020,Light Trucks - Battery Electric (BEV),2025,A1,retrofit,road_truck,45.31166971429
235,R1,2020,Light Trucks - Conventional Diesel_High Efficiency,2025,A1,retrofit,road_truck,35430.21150261635
236,R1,2020,Light Trucks - Conventional Gasoline_High_Efficiency,2025,A1,retrofit,road_truck,282.00074731319
237,R1,2020,Light Trucks - Conventional Gasoline_Medium Efficiency,2025,A1,retrofit,road_truck,0.00000000000
238,R1,2020,Light Trucks - Gasoline hybrid,2025,A1,retrofit,road_truck,15.27015897526
239,R1,2020,Light Trucks - LPG,2025,A1,retrofit,road_truck,224.26067725307
240,R1,2020,Light Trucks - Natural gas,2025,A1,retrofit,road_truck,729.31402511384
241,R1,2020,Medium trucks - Battery Electric (BEV),2025,A1,retrofit,road_truck,15.42908808350
242,R1,2020,Medium trucks - Conventional Diesel_High Efficency,2025,A1,retrofit,road_truck,3018.04144767927
243,R1,2020,Medium trucks - Conventional Gasoline,2025,A1,retrofit,road_truck,92.81344924283
244,R1,2020,Medium trucks - LPG,2025,A1,retrofit,road_truck,66.76371084275
245,R1,2020,Medium trucks - Natural gas,2025,A1,retrofit,road_truck,13388.47851021389
246,R1,2020,Heavy trucks - Battery Electric,2030,A1,retrofit,road_truck,0.25301878605
247,R1,2020,Heavy trucks - Conventional diesel_High Efficiency,2030,A1,retrofit,road_truck,5885.60989808558
248,R1,2020,Heavy trucks - Conventional gasoline,2030,A1,retrofit,road_truck,0.11191739795
249,R1,2020,Heavy trucks - LPG,2030,A1,retrofit,road_truck,299.02862335255
250,R1,2020,Heavy trucks - Natural gas,2030,A1,retrofit,road_truck,62.52225145867
251,R1,2020,Light Trucks - Battery Electric (BEV),2030,A1,retrofit,road_truck,29.59197179827
252,R1,2020,Light Trucks - Conventional Diesel_High Efficiency,2030,A1,retrofit,road_truck,34367.37129482882
253,R1,2020,Light Trucks - Conventional Gasoline_High_Efficiency,2030,A1,retrofit,road_truck,258.22554852040
254,R1,2020,Light Trucks - Gasoline hybrid,2030,A1,retrofit,road_truck,12.76527485314
255,R1,2020,Light Trucks - LPG,2030,A1,retrofit,road_truck,117.23196696395
256,R1,2020,Light Trucks - Natural gas,2030,A1,retrofit,road_truck,688.82207143332
257,R1,2020,Medium trucks - Battery Electric (BEV),2030,A1,retrofit,road_truck,9.99851959668
258,R1,2020,Medium trucks - Conventional Diesel_High Efficency,2030,A1,retrofit,road_truck,2686.02122137393
259,R1,2020,Medium trucks - Conventional Gasoline,2030,A1,retrofit,road_truck,84.23330482793
260,R1,2020,Medium trucks - LPG,2030,A1,retrofit,road_truck,34.14458412735
261,R1,2020,Medium trucks - Natural gas,2030,A1,retrofit,road_truck,13319.67987800783
262,R1,2025,Heavy trucks - LPG,2030,A1,retrofit,road_truck,564.92635154129
263,R1,2025,Light Trucks - Conventional Diesel_High Efficiency,2030,A1,retrofit,road_truck,2742.46423880986
264,R1,2025,Medium trucks - Natural gas,2030,A1,retrofit,road_truck,1223.41754634807
265,R1,2020,Heavy trucks - Battery Electric,2030,A1,retrofit,road_truck,0.25301878605
266,R1,2020,Heavy trucks - Conventional diesel_High Efficiency,2030,A1,retrofit,road_truck,5885.60989808558
267,R1,2020,Heavy trucks - Conventional gasoline,2030,A1,retrofit,road_truck,0.11191739795
268,R1,2020,Heavy trucks - LPG,2030,A1,retrofit,road_truck,299.02862335255
269,R1,2020,Heavy trucks - Natural gas,2030,A1,retrofit,road_truck,62.52225145867
270,R1,2020,Light Trucks - Battery Electric (BEV),2030,A1,retrofit,road_truck,29.59197179827
271,R1,2020,Light Trucks - Conventional Diesel_High Efficiency,2030,A1,retrofit,road_truck,34367.37129482882
272,R1,2020,Light Trucks - Conventional Gasoline_High_Efficiency,2030,A1,retrofit,road_truck,258.22554852040
273,R1,2020,Light Trucks - Gasoline hybrid,2030,A1,retrofit,road_truck,12.76527485314
274,R1,2020,Light Trucks - LPG,2030,A1,retrofit,road_truck,117.23196696395
275,R1,2020,Light Trucks - Natural gas,2030,A1,retrofit,road_truck,688.82207143332
276,R1,2020,Medium trucks - Battery Electric (BEV),2030,A1,retrofit,road_truck,9.99851959668
277,R1,2020,Medium trucks - Conventional Diesel_High Efficency,2030,A1,retrofit,road_truck,2686.02122137393
278,R1,2020,Medium trucks - Conventional Gasoline,2030,A1,retrofit,road_truck,84.23330482793
279,R1,2020,Medium trucks - LPG,2030,A1,retrofit,road_truck,34.14458412735
280,R1,2020,Medium trucks - Natural gas,2030,A1,retrofit,road_truck,13319.67987800783
281,R1,2025,Heavy trucks - LPG,2030,A1,retrofit,road_truck,564.92635154129
282,R1,2025,Light Trucks - Conventional Diesel_High Efficiency,2030,A1,retrofit,road_truck,2742.46423880986
283,R1,2025,Medium trucks - Natural gas,2030,A1,retrofit,road_truck,1223.41754634807
284,R1,2020,Heavy trucks - Battery Electric,2030,A1,retrofit,road_truck,0.25301878605
285,R1,2020,Heavy trucks - Conventional diesel_High Efficiency,2030,A1,retrofit,road_truck,5885.60989808558
286,R1,2020,Heavy trucks - Conventional gasoline,2030,A1,retrofit,road_truck,0.11191739795
287,R1,2020,Heavy trucks - LPG,2030,A1,retrofit,road_truck,299.02862335255
288,R1,2020,Heavy trucks - Natural gas,2030,A1,retrofit,road_truck,62.52225145867
289,R1,2020,Light Trucks - Battery Electric (BEV),2030,A1,retrofit,road_truck,29.59197179827
290,R1,2020,Light Trucks - Conventional Diesel_High Efficiency,2030,A1,retrofit,road_truck,34367.37129482882
291,R1,2020,Light Trucks - Conventional Gasoline_High_Efficiency,2030,A1,retrofit,road_truck,258.22554852040
292,R1,2020,Light Trucks - Gasoline hybrid,2030,A1,retrofit,road_truck,12.76527485314
293,R1,2020,Light Trucks - LPG,2030,A1,retrofit,road_truck,117.23196696395
294,R1,2020,Light Trucks - Natural gas,2030,A1,retrofit,road_truck,688.82207143332
295,R1,2020,Medium trucks - Battery Electric (BEV),2030,A1,retrofit,road_truck,9.99851959668
296,R1,2020,Medium trucks - Conventional Diesel_High Efficency,2030,A1,retrofit,road_truck,2686.02122137393
297,R1,2020,Medium trucks - Conventional Gasoline,2030,A1,retrofit,road_truck,84.23330482793
298,R1,2020,Medium trucks - LPG,2030,A1,retrofit,road_truck,34.14458412735
299,R1,2020,Medium trucks - Natural gas,2030,A1,retrofit,road_truck,13319.67987800783
300,R1,2025,Heavy trucks - LPG,2030,A1,retrofit,road_truck,564.92635154129
301,R1,2025,Light Trucks - Conventional Diesel_High Efficiency,2030,A1,retrofit,road_truck,2742.46423880986
302,R1,2025,Medium trucks - Natural gas,2030,A1,retrofit,road_truck,1223.41754634807
303,R1,2020,Heavy trucks - Battery Electric,2030,A1,retrofit,road_truck,0.25301878605
304,R1,2020,Heavy trucks - Conventional diesel_High Efficiency,2030,A1,retrofit,road_truck,5885.60989808558
305,R1,2020,Heavy trucks - Conventional gasoline,2030,A1,retrofit,road_truck,0.11191739795
306,R1,2020,Heavy trucks - LPG,2030,A1,retrofit,road_truck,299.02862335255
307,R1,2020,Heavy trucks - Natural gas,2030,A1,retrofit,road_truck,62.52225145867
308,R1,2020,Light Trucks - Battery Electric (BEV),2030,A1,retrofit,road_truck,29.59197179827
309,R1,2020,Light Trucks - Conventional Diesel_High Efficiency,2030,A1,retrofit,road_truck,34367.37129482882
310,R1,2020,Light Trucks - Conventional Gasoline_High_Efficiency,2030,A1,retrofit,road_truck,258.22554852040
311,R1,2020,Light Trucks - Gasoline hybrid,2030,A1,retrofit,road_truck,12.76527485314
312,R1,2020,Light Trucks - LPG,2030,A1,retrofit,road_truck,117.23196696395
313,R1,2020,Light Trucks - Natural gas,2030,A1,retrofit,road_truck,688.82207143332
314,R1,2020,Medium trucks - Battery Electric (BEV),2030,A1,retrofit,road_truck,9.99851959668
315,R1,2020,Medium trucks - Conventional Diesel_High Efficency,2030,A1,retrofit,road_truck,2686.02122137393
316,R1,2020,Medium trucks - Conventional Gasoline,2030,A1,retrofit,road_truck,84.23330482793
317,R1,2020,Medium trucks - LPG,2030,A1,retrofit,road_truck,34.14458412735
318,R1,2020,Medium trucks - Natural gas,2030,A1,retrofit,road_truck,13319.67987800783
319,R1,2025,Heavy trucks - LPG,2030,A1,retrofit,road_truck,564.92635154129
320,R1,2025,Light Trucks - Conventional Diesel_High Efficiency,2030,A1,retrofit,road_truck,2742.46423880986
321,R1,2025,Medium trucks - Natural gas,2030,A1,retrofit,road_truck,1223.41754634807
322,R1,2020,Heavy trucks - Battery Electric,2030,A1,retrofit,road_truck,0.25301878605
323,R1,2020,Heavy trucks - Conventional diesel_High Efficiency,2030,A1,retrofit,road_truck,5885.60989808558
324,R1,2020,Heavy trucks - Conventional gasoline,2030,A1,retrofit,road_truck,0.11191739795
325,R1,2020,Heavy trucks - LPG,2030,A1,retrofit,road_truck,299.02862335255
326,R1,2020,Heavy trucks - Natural gas,2030,A1,retrofit,road_truck,62.52225145867
327,R1,2020,Light Trucks - Battery Electric (BEV),2030,A1,retrofit,road_truck,29.59197179827
328,R1,2020,Light Trucks - Conventional Diesel_High Efficiency,2030,A1,retrofit,road_truck,34367.37129482882
329,R1,2020,Light Trucks - Conventional Gasoline_High_Efficiency,2030,A1,retrofit,road_truck,258.22554852040
330,R1,2020,Light Trucks - Gasoline hybrid,2030,A1,retrofit,road_truck,12.76527485314
331,R1,2020,Light Trucks - LPG,2030,A1,retrofit,road_truck,117.23196696395
332,R1,2020,Light Trucks - Natural gas,2030,A1,retrofit,road_truck,688.82207143332
333,R1,2020,Medium trucks - Battery Electric (BEV),2030,A1,retrofit,road_truck,9.99851959668
334,R1,2020,Medium trucks - Conventional Diesel_High Efficency,2030,A1,retrofit,road_truck,2686.02122137393
335,R1,2020,Medium trucks - Conventional Gasoline,2030,A1,retrofit,road_truck,84.23330482793
336,R1,2020,Medium trucks - LPG,2030,A1,retrofit,road_truck,34.14458412735
337,R1,2020,Medium trucks - Natural gas,2030,A1,retrofit,road_truck,13319.67987800783
338,R1,2025,Heavy trucks - LPG,2030,A1,retrofit,road_truck,564.92635154129
339,R1,2025,Light Trucks - Conventional Diesel_High Efficiency,2030,A1,retrofit,road_truck,2742.46423880986
340,R1,2025,Medium trucks - Natural gas,2030,A1,retrofit,road_truck,1223.41754634807
341,R1,2020,Heavy trucks - Battery Electric,2030,A1,retrofit,road_truck,0.25301878605
342,R1,2020,Heavy trucks - Conventional diesel_High Efficiency,2030,A1,retrofit,road_truck,5885.60989808558
343,R1,2020,Heavy trucks - Conventional gasoline,2030,A1,retrofit,road_truck,0.11191739795
344,R1,2020,Heavy trucks - LPG,2030,A1,retrofit,road_truck,299.02862335255
345,R1,2020,Heavy trucks - Natural gas,2030,A1,retrofit,road_truck,62.52225145867
346,R1,2020,Light Trucks - Battery Electric (BEV),2030,A1,retrofit,road_truck,29.59197179827
347,R1,2020,Light Trucks - Conventional Diesel_High Efficiency,2030,A1,retrofit,road_truck,34367.37129482882
348,R1,2020,Light Trucks - Conventional Gasoline_High_Efficiency,2030,A1,retrofit,road_truck,258.22554852040
349,R1,2020,Light Trucks - Gasoline hybrid,2030,A1,retrofit,road_truck,12.76527485314
350,R1,2020,Light Trucks - LPG,2030,A1,retrofit,road_truck,117.23196696395
351,R1,2020,Light Trucks - Natural gas,2030,A1,retrofit,road_truck,688.82207143332
352,R1,2020,Medium trucks - Battery Electric (BEV),2030,A1,retrofit,road_truck,9.99851959668
353,R1,2020,Medium trucks - Conventional Diesel_High Efficency,2030,A1,retrofit,road_truck,2686.02122137393
354,R1,2020,Medium trucks - Conventional Gasoline,2030,A1,retrofit,road_truck,84.23330482793
355,R1,2020,Medium trucks - LPG,2030,A1,retrofit,road_truck,34.14458412735
356,R1,2020,Medium trucks - Natural gas,2030,A1,retrofit,road_truck,13319.67987800783
357,R1,2025,Heavy trucks - LPG,2030,A1,retrofit,road_truck,564.92635154129
358,R1,2025,Light Trucks - Conventional Diesel_High Efficiency,2030,A1,retrofit,road_truck,2742.46423880986
359,R1,2025,Medium trucks - Natural gas,2030,A1,retrofit,road_truck,1223.41754634807
360,R1,2020,Heavy trucks - Conventional diesel_High Efficiency,2035,A1,retrofit,road_truck,3519.22485463995
361,R1,2020,Heavy trucks - LPG,2035,A1,retrofit,road_truck,298.87844213302
362,R1,2020,Light Trucks - Conventional Diesel_High Efficiency,2035,A1,retrofit,road_truck,25946.44157386134
363,R1,2020,Medium trucks - Conventional Diesel_High Efficency,2035,A1,retrofit,road_truck,0.00000000000
364,R1,2020,Medium trucks - Natural gas,2035,A1,retrofit,road_truck,13234.19073581469
365,R1,2025,Heavy trucks - LPG,2035,A1,retrofit,road_truck,564.92635154129
366,R1,2025,Light Trucks - Conventional Diesel_High Efficiency,2035,A1,retrofit,road_truck,2742.46423880986
367,R1,2025,Medium trucks - Natural gas,2035,A1,retrofit,road_truck,1223.41754634807
368,R1,2030,Heavy trucks - LPG,2035,A1,retrofit,road_truck,2871.56024944326
369,R1,2030,Light Trucks - Conventional Diesel_High Efficiency,2035,A1,retrofit,road_truck,10943.94738984662
370,R1,2030,Medium trucks - Natural gas,2035,A1,retrofit,road_truck,4141.28951202874
371,R1,2020,Heavy trucks - Conventional diesel_High Efficiency,2035,A1,retrofit,road_truck,3519.22485463995
372,R1,2020,Heavy trucks - LPG,2035,A1,retrofit,road_truck,298.87844213302
373,R1,2020,Light Trucks - Conventional Diesel_High Efficiency,2035,A1,retrofit,road_truck,25946.44157386134
374,R1,2020,Medium trucks - Conventional Diesel_High Efficency,2035,A1,retrofit,road_truck,0.00000000000
375,R1,2020,Medium trucks - Natural gas,2035,A1,retrofit,road_truck,13234.19073581469
376,R1,2025,Heavy trucks - LPG,2035,A1,retrofit,road_truck,564.92635154129
377,R1,2025,Light Trucks - Conventional Diesel_High Efficiency,2035,A1,retrofit,road_truck,2742.46423880986
378,R1,2025,Medium trucks - Natural gas,2035,A1,retrofit,road_truck,1223.41754634807
379,R1,2030,Heavy trucks - LPG,2035,A1,retrofit,road_truck,2871.56024944326
380,R1,2030,Light Trucks - Conventional Diesel_High Efficiency,2035,A1,retrofit,road_truck,10943.94738984662
381,R1,2030,Medium trucks - Natural gas,2035,A1,retrofit,road_truck,4141.28951202874
382,R1,2020,Heavy trucks - Conventional diesel_High Efficiency,2035,A1,retrofit,road_truck,3519.22485463995
383,R1,2020,Heavy trucks - LPG,2035,A1,retrofit,road_truck,298.87844213302
384,R1,2020,Light Trucks - Conventional Diesel_High Efficiency,2035,A1,retrofit,road_truck,25946.44157386134
385,R1,2020,Medium trucks - Conventional Diesel_High Efficency,2035,A1,retrofit,road_truck,0.00000000000
386,R1,2020,Medium trucks - Natural gas,2035,A1,retrofit,road_truck,13234.19073581469
387,R1,2025,Heavy trucks - LPG,2035,A1,retrofit,road_truck,564.92635154129
388,R1,2025,Light Trucks - Conventional Diesel_High Efficiency,2035,A1,retrofit,road_truck,2742.46423880986
389,R1,2025,Medium trucks - Natural gas,2035,A1,retrofit,road_truck,1223.41754634807
390,R1,2030,Heavy trucks - LPG,2035,A1,retrofit,road_truck,2871.56024944326
391,R1,2030,Light Trucks - Conventional Diesel_High Efficiency,2035,A1,retrofit,road_truck,10943.94738984662
392,R1,2030,Medium trucks - Natural gas,2035,A1,retrofit,road_truck,4141.28951202874
393,R1,2020,Heavy trucks - Conventional diesel_High Efficiency,2035,A1,retrofit,road_truck,3519.22485463995
394,R1,2020,Heavy trucks - LPG,2035,A1,retrofit,road_truck,298.87844213302
395,R1,2020,Light Trucks - Conventional Diesel_High Efficiency,2035,A1,retrofit,road_truck,25946.44157386134
396,R1,2020,Medium trucks - Conventional Diesel_High Efficency,2035,A1,retrofit,road_truck,0.00000000000
397,R1,2020,Medium trucks - Natural gas,2035,A1,retrofit,road_truck,13234.19073581469
398,R1,2025,Heavy trucks - LPG,2035,A1,retrofit,road_truck,564.92635154129
399,R1,2025,Light Trucks - Conventional Diesel_High Efficiency,2035,A1,retrofit,road_truck,2742.46423880986
400,R1,2025,Medium trucks - Natural gas,2035,A1,retrofit,road_truck,1223.41754634807
401,R1,2030,Heavy trucks - LPG,2035,A1,retrofit,road_truck,2871.56024944326
402,R1,2030,Light Trucks - Conventional Diesel_High Efficiency,2035,A1,retrofit,road_truck,10943.94738984662
403,R1,2030,Medium trucks - Natural gas,2035,A1,retrofit,road_truck,4141.28951202874
404,R1,2020,Heavy trucks - Conventional diesel_High Efficiency,2035,A1,retrofit,road_truck,3519.22485463995
405,R1,2020,Heavy trucks - LPG,2035,A1,retrofit,road_truck,298.87844213302
406,R1,2020,Light Trucks - Conventional Diesel_High Efficiency,2035,A1,retrofit,road_truck,25946.44157386134
407,R1,2020,Medium trucks - Conventional Diesel_High Efficency,2035,A1,retrofit,road_truck,0.00000000000
408,R1,2020,Medium trucks - Natural gas,2035,A1,retrofit,road_truck,13234.19073581469
409,R1,2025,Heavy trucks - LPG,2035,A1,retrofit,road_truck,564.92635154129
410,R1,2025,Light Trucks - Conventional Diesel_High Efficiency,2035,A1,retrofit,road_truck,2742.46423880986
411,R1,2025,Medium trucks - Natural gas,2035,A1,retrofit,road_truck,1223.41754634807
412,R1,2030,Heavy trucks - LPG,2035,A1,retrofit,road_truck,2871.56024944326
413,R1,2030,Light Trucks - Conventional Diesel_High Efficiency,2035,A1,retrofit,road_truck,10943.94738984662
414,R1,2030,Medium trucks - Natural gas,2035,A1,retrofit,road_truck,4141.28951202874
415,R1,2020,Heavy trucks - Conventional diesel_High Efficiency,2035,A1,retrofit,road_truck,3519.22485463995
416,R1,2020,Heavy trucks - LPG,2035,A1,retrofit,road_truck,298.87844213302
417,R1,2020,Light Trucks - Conventional Diesel_High Efficiency,2035,A1,retrofit,road_truck,25946.44157386134
418,R1,2020,Medium trucks - Conventional Diesel_High Efficency,2035,A1,retrofit,road_truck,0.00000000000
419,R1,2020,Medium trucks - Natural gas,2035,A1,retrofit,road_truck,13234.19073581469
420,R1,2025,Heavy trucks - LPG,2035,A1,retrofit,road_truck,564.92635154129
421,R1,2025,Light Trucks - Conventional Diesel_High Efficiency,2035,A1,retrofit,road_truck,2742.46423880986
422,R1,2025,Medium trucks - Natural gas,2035,A1,retrofit,road_truck,1223.41754634807
423,R1,2030,Heavy trucks - LPG,2035,A1,retrofit,road_truck,2871.56024944326
424,R1,2030,Light Trucks - Conventional Diesel_High Efficiency,2035,A1,retrofit,road_truck,10943.94738984662
425,R1,2030,Medium trucks - Natural gas,2035,A1,retrofit,road_truck,4141.28951202874
426,R1,2025,Heavy trucks - LPG,2040,A1,retrofit,road_truck,564.92635154129
427,R1,2025,Light Trucks - Conventional Diesel_High Efficiency,2040,A1,retrofit,road_truck,2742.46423880986
428,R1,2025,Medium trucks - Natural gas,2040,A1,retrofit,road_truck,1223.41754634807
429,R1,2030,Heavy trucks - LPG,2040,A1,retrofit,road_truck,2871.56024944326
430,R1,2030,Light Trucks - Conventional Diesel_High Efficiency,2040,A1,retrofit,road_truck,10943.94738984662
431,R1,2030,Medium trucks - Natural gas,2040,A1,retrofit,road_truck,4141.28951202874
432,R1,2035,Heavy trucks - LPG,2040,A1,retrofit,road_truck,4639.85898990338
433,R1,2035,Light Trucks - Conventional Diesel_High Efficiency,2040,A1,retrofit,road_truck,28886.13708251453
434,R1,2035,Medium trucks - Natural gas,2040,A1,retrofit,road_truck,14613.73044506867
435,R1,2025,Heavy trucks - LPG,2040,A1,retrofit,road_truck,564.92635154129
436,R1,2025,Light Trucks - Conventional Diesel_High Efficiency,2040,A1,retrofit,road_truck,2742.46423880986
437,R1,2025,Medium trucks - Natural gas,2040,A1,retrofit,road_truck,1223.41754634807
438,R1,2030,Heavy trucks - LPG,2040,A1,retrofit,road_truck,2871.56024944326
439,R1,2030,Light Trucks - Conventional Diesel_High Efficiency,2040,A1,retrofit,road_truck,10943.94738984662
440,R1,2030,Medium trucks - Natural gas,2040,A1,retrofit,road_truck,4141.28951202874
441,R1,2035,Heavy trucks - LPG,2040,A1,retrofit,road_truck,4639.85898990338
442,R1,2035,Light Trucks - Conventional Diesel_High Efficiency,2040,A1,retrofit,road_truck,28886.13708251453
443,R1,2035,Medium trucks - Natural gas,2040,A1,retrofit,road_truck,14613.73044506867
444,R1,2025,Heavy trucks - LPG,2040,A1,retrofit,road_truck,564.92635154129
445,R1,2025,Light Trucks - Conventional Diesel_High Efficiency,2040,A1,retrofit,road_truck,2742.46423880986
446,R1,2025,Medium trucks - Natural gas,2040,A1,retrofit,road_truck,1223.41754634807
447,R1,2030,Heavy trucks - LPG,2040,A1,retrofit,road_truck,2871.56024944326
448,R1,2030,Light Trucks - Conventional Diesel_High Efficiency,2040,A1,retrofit,road_truck,10943.94738984662
449,R1,2030,Medium trucks - Natural gas,2040,A1,retrofit,road_truck,4141.28951202874
450,R1,2035,Heavy trucks - LPG,2040,A1,retrofit,road_truck,4639.85898990338
451,R1,2035,Light Trucks - Conventional Diesel_High Efficiency,2040,A1,retrofit,road_truck,28886.13708251453
452,R1,2035,Medium trucks - Natural gas,2040,A1,retrofit,road_truck,14613.73044506867
453,R1,2025,Heavy trucks - LPG,2040,A1,retrofit,road_truck,564.92635154129
454,R1,2025,Light Trucks - Conventional Diesel_High Efficiency,2040,A1,retrofit,road_truck,2742.46423880986
455,R1,2025,Medium trucks - Natural gas,2040,A1,retrofit,road_truck,1223.41754634807
456,R1,2030,Heavy trucks - LPG,2040,A1,retrofit,road_truck,2871.56024944326
457,R1,2030,Light Trucks - Conventional Diesel_High Efficiency,2040,A1,retrofit,road_truck,10943.94738984662
458,R1,2030,Medium trucks - Natural gas,2040,A1,retrofit,road_truck,4141.28951202874
459,R1,2035,Heavy trucks - LPG,2040,A1,retrofit,road_truck,4639.85898990338
460,R1,2035,Light Trucks - Conventional Diesel_High Efficiency,2040,A1,retrofit,road_truck,28886.13708251453
461,R1,2035,Medium trucks - Natural gas,2040,A1,retrofit,road_truck,14613.73044506867
462,R1,2025,Heavy trucks - LPG,2040,A1,retrofit,road_truck,564.92635154129
463,R1,2025,Light Trucks - Conventional Diesel_High Efficiency,2040,A1,retrofit,road_truck,2742.46423880986
464,R1,2025,Medium trucks - Natural gas,2040,A1,retrofit,road_truck,1223.41754634807
465,R1,2030,Heavy trucks - LPG,2040,A1,retrofit,road_truck,2871.56024944326
466,R1,2030,Light Trucks - Conventional Diesel_High Efficiency,2040,A1,retrofit,road_truck,10943.94738984662
467,R1,2030,Medium trucks - Natural gas,2040,A1,retrofit,road_truck,4141.28951202874
468,R1,2035,Heavy trucks - LPG,2040,A1,retrofit,road_truck,4639.85898990338
469,R1,2035,Light Trucks - Conventional Diesel_High Efficiency,2040,A1,retrofit,road_truck,28886.13708251453
470,R1,2035,Medium trucks - Natural gas,2040,A1,retrofit,road_truck,14613.73044506867
471,R1,2025,Heavy trucks - LPG,2040,A1,retrofit,road_truck,564.92635154129
472,R1,2025,Light Trucks - Conventional Diesel_High Efficiency,2040,A1,retrofit,road_truck,2742.46423880986
473,R1,2025,Medium trucks - Natural gas,2040,A1,retrofit,road_truck,1223.41754634807
474,R1,2030,Heavy trucks - LPG,2040,A1,retrofit,road_truck,2871.56024944326
475,R1,2030,Light Trucks - Conventional Diesel_High Efficiency,2040,A1,retrofit,road_truck,10943.94738984662
476,R1,2030,Medium trucks - Natural gas,2040,A1,retrofit,road_truck,4141.28951202874
477,R1,2035,Heavy trucks - LPG,2040,A1,retrofit,road_truck,4639.85898990338
478,R1,2035,Light Trucks - Conventional Diesel_High Efficiency,2040,A1,retrofit,road_truck,28886.13708251453
479,R1,2035,Medium trucks - Natural gas,2040,A1,retrofit,road_truck,14613.73044506867
480,R1,2030,Heavy trucks - LPG,2045,A1,retrofit,road_truck,2871.56024944326
481,R1,2030,Light Trucks - Conventional Diesel_High Efficiency,2045,A1,retrofit,road_truck,10943.94738984662
482,R1,2030,Medium trucks - Natural gas,2045,A1,retrofit,road_truck,4141.28951202874
483,R1,2035,Heavy trucks - LPG,2045,A1,retrofit,road_truck,4639.85898990338
484,R1,2035,Light Trucks - Conventional Diesel_High Efficiency,2045,A1,retrofit,road_truck,28886.13708251453
485,R1,2035,Medium trucks - Natural gas,2045,A1,retrofit,road_truck,14613.73044506867
486,R1,2040,Heavy trucks - LPG,2045,A1,retrofit,road_truck,1139.74424119193
487,R1,2040,Light Trucks - Conventional Diesel_High Efficiency,2045,A1,retrofit,road_truck,5776.38421327693
488,R1,2040,Medium trucks - Natural gas,2045,A1,retrofit,road_truck,2647.17489262046
489,R1,2030,Heavy trucks - LPG,2045,A1,retrofit,road_truck,2871.56024944326
490,R1,2030,Light Trucks - Conventional Diesel_High Efficiency,2045,A1,retrofit,road_truck,10943.94738984662
491,R1,2030,Medium trucks - Natural gas,2045,A1,retrofit,road_truck,4141.28951202874
492,R1,2035,Heavy trucks - LPG,2045,A1,retrofit,road_truck,4639.85898990338
493,R1,2035,Light Trucks - Conventional Diesel_High Efficiency,2045,A1,retrofit,road_truck,28886.13708251453
494,R1,2035,Medium trucks - Natural gas,2045,A1,retrofit,road_truck,14613.73044506867
495,R1,2040,Heavy trucks - LPG,2045,A1,retrofit,road_truck,1139.74424119193
496,R1,2040,Light Trucks - Conventional Diesel_High Efficiency,2045,A1,retrofit,road_truck,5776.38421327693
497,R1,2040,Medium trucks - Natural gas,2045,A1,retrofit,road_truck,2647.17489262046
498,R1,2030,Heavy trucks - LPG,2045,A1,retrofit,road_truck,2871.56024944326
499,R1,2030,Light Trucks - Conventional Diesel_High Efficiency,2045,A1,retrofit,road_truck,10943.94738984662
500,R1,2030,Medium trucks - Natural gas,2045,A1,retrofit,road_truck,4141.28951202874
501,R1,2035,Heavy trucks - LPG,2045,A1,retrofit,road_truck,4639.85898990338
502,R1,2035,Light Trucks - Conventional Diesel_High Efficiency,2045,A1,retrofit,road_truck,28886.13708251453
503,R1,2035,Medium trucks - Natural gas,2045,A1,retrofit,road_truck,14613.73044506867
504,R1,2040,Heavy trucks - LPG,2045,A1,retrofit,road_truck,1139.74424119193
505,R1,2040,Light Trucks - Conventional Diesel_High Efficiency,2045,A1,retrofit,road_truck,5776.38421327693
506,R1,2040,Medium trucks - Natural gas,2045,A1,retrofit,road_truck,2647.17489262046
507,R1,2030,Heavy trucks - LPG,2045,A1,retrofit,road_truck,2871.56024944326
508,R1,2030,Light Trucks - Conventional Diesel_High Efficiency,2045,A1,retrofit,road_truck,10943.94738984662
509,R1,2030,Medium trucks - Natural gas,2045,A1,retrofit,road_truck,4141.28951202874
510,R1,2035,Heavy trucks - LPG,2045,A1,retrofit,road_truck,4639.85898990338
511,R1,2035,Light Trucks - Conventional Diesel_High Efficiency,2045,A1,retrofit,road_truck,28886.13708251453
512,R1,2035,Medium trucks - Natural gas,2045,A1,retrofit,road_truck,14613.73044506867
513,R1,2040,Heavy trucks - LPG,2045,A1,retrofit,road_truck,1139.74424119193
514,R1,2040,Light Trucks - Conventional Diesel_High Efficiency,2045,A1,retrofit,road_truck,5776.38421327693
515,R1,2040,Medium trucks - Natural gas,2045,A1,retrofit,road_truck,2647.17489262046
516,R1,2030,Heavy trucks - LPG,2045,A1,retrofit,road_truck,2871.56024944326
517,R1,2030,Light Trucks - Conventional Diesel_High Efficiency,2045,A1,retrofit,road_truck,10943.94738984662
518,R1,2030,Medium trucks - Natural gas,2045,A1,retrofit,road_truck,4141.28951202874
519,R1,2035,Heavy trucks - LPG,2045,A1,retrofit,road_truck,4639.85898990338
520,R1,2035,Light Trucks - Conventional Diesel_High Efficiency,2045,A1,retrofit,road_truck,28886.13708251453
521,R1,2035,Medium trucks - Natural gas,2045,A1,retrofit,road_truck,14613.73044506867
522,R1,2040,Heavy trucks - LPG,2045,A1,retrofit,road_truck,1139.74424119193
523,R1,2040,Light Trucks - Conventional Diesel_High Efficiency,2045,A1,retrofit,road_truck,5776.38421327693
524,R1,2040,Medium trucks - Natural gas,2045,A1,retrofit,road_truck,2647.17489262046
525,R1,2030,Heavy trucks - LPG,2045,A1,retrofit,road_truck,2871.56024944326
526,R1,2030,Light Trucks - Conventional Diesel_High Efficiency,2045,A1,retrofit,road_truck,10943.94738984662
527,R1,2030,Medium trucks - Natural gas,2045,A1,retrofit,road_truck,4141.28951202874
528,R1,2035,Heavy trucks - LPG,2045,A1,retrofit,road_truck,4639.85898990338
529,R1,2035,Light Trucks - Conventional Diesel_High Efficiency,2045,A1,retrofit,road_truck,28886.13708251453
530,R1,2035,Medium trucks - Natural gas,2045,A1,retrofit,road_truck,14613.73044506867
531,R1,2040,Heavy trucks - LPG,2045,A1,retrofit,road_truck,1139.74424119193
532,R1,2040,Light Trucks - Conventional Diesel_High Efficiency,2045,A1,retrofit,road_truck,5776.38421327693
533,R1,2040,Medium trucks - Natural gas,2045,A1,retrofit,road_truck,2647.17489262046
534,R1,2035,Heavy trucks - LPG,2050,A1,retrofit,road_truck,4639.85898990338
535,R1,2035,Light Trucks - Conventional Diesel_High Efficiency,2050,A1,retrofit,road_truck,28886.13708251453
536,R1,2035,Medium trucks - Natural gas,2050,A1,retrofit,road_truck,14613.73044506867
537,R1,2040,Heavy trucks - LPG,2050,A1,retrofit,road_truck,1139.74424119193
538,R1,2040,Light Trucks - Conventional Diesel_High Efficiency,2050,A1,retrofit,road_truck,5776.38421327693
539,R1,2040,Medium trucks - Natural gas,2050,A1,retrofit,road_truck,2647.17489262046
540,R1,2045,Heavy trucks - LPG,2050,A1,retrofit,road_truck,2834.60018565612
541,R1,2045,Light Trucks - Conventional Diesel_High Efficiency,2050,A1,retrofit,road_truck,10749.75430113771
542,R1,2045,Medium trucks - Natural gas,2050,A1,retrofit,road_truck,4050.15861037627
543,R1,2035,Heavy trucks - LPG,2050,A1,retrofit,road_truck,4639.85898990338
544,R1,2035,Light Trucks - Conventional Diesel_High Efficiency,2050,A1,retrofit,road_truck,28886.13708251453
545,R1,2035,Medium trucks - Natural gas,2050,A1,retrofit,road_truck,14613.73044506867
546,R1,2040,Heavy trucks - LPG,2050,A1,retrofit,road_truck,1139.74424119193
547,R1,2040,Light Trucks - Conventional Diesel_High Efficiency,2050,A1,retrofit,road_truck,5776.38421327693
548,R1,2040,Medium trucks - Natural gas,2050,A1,retrofit,road_truck,2647.17489262046
549,R1,2045,Heavy trucks - LPG,2050,A1,retrofit,road_truck,2834.60018565612
550,R1,2045,Light Trucks - Conventional Diesel_High Efficiency,2050,A1,retrofit,road_truck,10749.75430113771
551,R1,2045,Medium trucks - Natural gas,2050,A1,retrofit,road_truck,4050.15861037627
552,R1,2035,Heavy trucks - LPG,2050,A1,retrofit,road_truck,4639.85898990338
553,R1,2035,Light Trucks - Conventional Diesel_High Efficiency,2050,A1,retrofit,road_truck,28886.13708251453
554,R1,2035,Medium trucks - Natural gas,2050,A1,retrofit,road_truck,14613.73044506867
555,R1,2040,Heavy trucks - LPG,2050,A1,retrofit,road_truck,1139.74424119193
556,R1,2040,Light Trucks - Conventional Diesel_High Efficiency,2050,A1,retrofit,road_truck,5776.38421327693
557,R1,2040,Medium trucks - Natural gas,2050,A1,retrofit,road_truck,2647.17489262046
558,R1,2045,Heavy trucks - LPG,2050,A1,retrofit,road_truck,2834.60018565612
559,R1,2045,Light Trucks - Conventional Diesel_High Efficiency,2050,A1,retrofit,road_truck,10749.75430113771
560,R1,2045,Medium trucks - Natural gas,2050,A1,retrofit,road_truck,4050.15861037627
561,R1,2035,Heavy trucks - LPG,2050,A1,retrofit,road_truck,4639.85898990338
562,R1,2035,Light Trucks - Conventional Diesel_High Efficiency,2050,A1,retrofit,road_truck,28886.13708251453
563,R1,2035,Medium trucks - Natural gas,2050,A1,retrofit,road_truck,14613.73044506867
564,R1,2040,Heavy trucks - LPG,2050,A1,retrofit,road_truck,1139.74424119193
565,R1,2040,Light Trucks - Conventional Diesel_High Efficiency,2050,A1,retrofit,road_truck,5776.38421327693
566,R1,2040,Medium trucks - Natural gas,2050,A1,retrofit,road_truck,2647.17489262046
567,R1,2045,Heavy trucks - LPG,2050,A1,retrofit,road_truck,2834.60018565612
568,R1,2045,Light Trucks - Conventional Diesel_High Efficiency,2050,A1,retrofit,road_truck,10749.75430113771
569,R1,2045,Medium trucks - Natural gas,2050,A1,retrofit,road_truck,4050.15861037627
570,R1,2035,Heavy trucks - LPG,2050,A1,retrofit,road_truck,4639.85898990338
571,R1,2035,Light Trucks - Conventional Diesel_High Efficiency,2050,A1,retrofit,road_truck,28886.13708251453
572,R1,2035,Medium trucks - Natural gas,2050,A1,retrofit,road_truck,14613.73044506867
573,R1,2040,Heavy trucks - LPG,2050,A1,retrofit,road_truck,1139.74424119193
574,R1,2040,Light Trucks - Conventional Diesel_High Efficiency,2050,A1,retrofit,road_truck,5776.38421327693
575,R1,2040,Medium trucks - Natural gas,2050,A1,retrofit,road_truck,2647.17489262046
576,R1,2045,Heavy trucks - LPG,2050,A1,retrofit,road_truck,2834.60018565612
577,R1,2045,Light Trucks - Conventional Diesel_High Efficiency,2050,A1,retrofit,road_truck,10749.75430113771
578,R1,2045,Medium trucks - Natural gas,2050,A1,retrofit,road_truck,4050.15861037627
579,R1,2035,Heavy trucks - LPG,2050,A1,retrofit,road_truck,4639.85898990338
580,R1,2035,Light Trucks - Conventional Diesel_High Efficiency,2050,A1,retrofit,road_truck,28886.13708251453
581,R1,2035,Medium trucks - Natural gas,2050,A1,retrofit,road_truck,14613.73044506867
582,R1,2040,Heavy trucks - LPG,2050,A1,retrofit,road_truck,1139.74424119193
583,R1,2040,Light Trucks - Conventional Diesel_High Efficiency,2050,A1,retrofit,road_truck,5776.38421327693
584,R1,2040,Medium trucks - Natural gas,2050,A1,retrofit,road_truck,2647.17489262046
585,R1,2045,Heavy trucks - LPG,2050,A1,retrofit,road_truck,2834.60018565612
586,R1,2045,Light Trucks - Conventional Diesel_High Efficiency,2050,A1,retrofit,road_truck,10749.75430113771
587,R1,2045,Medium trucks - Natural gas,2050,A1,retrofit,road_truck,4050.15861037627
